[{
  "_id": {
    "$oid": "6574a0c01fe35f4622cdbbaf"
  },
  "image": {
    "name": "car2_resized.jpg",
    "link": "https://github.com/atts234/imagescw/blob/main/car2_resized.jpg",
    "color": {
      "mean": [
        89.909556,
        89.123528,
        86.975864
      ],
      "std": [
        68.33905642302496,
        68.72179293042717,
        69.84129426549202
      ],
      "skewness": [
        0.5606376853172071,
        0.5763686550502831,
        0.593514197562584
      ]
    },
    "shape": {
      "area": 248664,
      "perimeter": 1955.716,
      "eccentricity": 0.07142111272517826
    },
    "texture": {
      "contrast": {
        "Contrast": 0.07150701402805612
      },
      "correlation": {
        "Correlation": 0.9922590103875888
      }
    }
  }
},
{
  "_id": {
    "$oid": "6574a0c01fe35f4622cdbbab"
  },
  "image": {
    "name": "car11_resized.jpg",
    "link": "https://github.com/atts234/imagescw/blob/main/car11_resized.jpg",
    "color": {
      "mean": [
        85.233236,
        99.172732,
        112.012292
      ],
      "std": [
        68.31270692537399,
        74.22875970465385,
        78.27902479802354
      ],
      "skewness": [
        0.44216600948127444,
        0.43838456866148545,
        0.42559771475372166
      ]
    },
    "shape": {
      "area": 249020,
      "perimeter": 1955.716,
      "eccentricity": 0.08217068559528541
    },
    "texture": {
      "contrast": {
        "Contrast": 0.08987174348697394
      },
      "correlation": {
        "Correlation": 0.990912754751299
      }
    }
  }
},
{
  "_id": {
    "$oid": "6574a0c01fe35f4622cdbbac"
  },
  "image": {
    "name": "car11_resized_cropped.jpg",
    "link": "https://github.com/atts234/imagescw/blob/main/car11_resized_cropped.jpg",
    "color": {
      "mean": [
        74.49826961770624,
        88.55966465459423,
        101.50316566063044
      ],
      "std": [
        62.02104471615336,
        68.84813877323188,
        73.42760703562678
      ],
      "skewness": [
        0.770289915305404,
        0.6966240318468621,
        0.5576140800642512
      ]
    },
    "shape": {
      "area": [
        148688,
        2
      ],
      "perimeter": [
        1531.339,
        1.96
      ],
      "eccentricity": [
        0.5337473818355745,
        0.8660254037844387
      ]
    },
    "texture": {
      "contrast": {
        "Contrast": 0.10377491680392618
      },
      "correlation": {
        "Correlation": 0.9878044227105612
      }
    }
  }
},
{
  "_id": {
    "$oid": "6574a0c01fe35f4622cdbbae"
  },
  "image": {
    "name": "car1_resized_cropped.jpg",
    "link": "https://github.com/atts234/imagescw/blob/main/car1_resized_cropped.jpg",
    "color": {
      "mean": [
        123.55441244870985,
        122.00535121369396,
        106.39301026493574
      ],
      "std": [
        63.61884114036383,
        59.52900053441071,
        51.57533860538075
      ],
      "skewness": [
        0.09992173496811849,
        -0.07091532707372923,
        -0.19258592258812984
      ]
    },
    "shape": {
      "area": 217143,
      "perimeter": 1823.1059999999998,
      "eccentricity": 0.15955053863437807
    },
    "texture": {
      "contrast": {
        "Contrast": 0.12941784583575627
      },
      "correlation": {
        "Correlation": 0.9818710025575716
      }
    }
  }
},
{
  "_id": {
    "$oid": "6574a0c01fe35f4622cdbbb0"
  },
  "image": {
    "name": "car2_resized_cropped.jpg",
    "link": "https://github.com/atts234/imagescw/blob/main/car2_resized_cropped.jpg",
    "color": {
      "mean": [
        97.95408163265306,
        97.91521677795542,
        97.02425624627732
      ],
      "std": [
        69.74520196361672,
        69.78698601026147,
        70.44025999302147
      ],
      "skewness": [
        0.15715558356644208,
        0.15839388253153142,
        0.15626043336480394
      ]
    },
    "shape": {
      "area": [
        126700,
        1,
        10
      ],
      "perimeter": [
        1445.298,
        0,
        18.128
      ],
      "eccentricity": [
        0.735147184252454,
        0,
        0.9901447120071625
      ]
    },
    "texture": {
      "contrast": {
        "Contrast": 0.07941051572010506
      },
      "correlation": {
        "Correlation": 0.9915822956117882
      }
    }
  }
},
{
  "_id": {
    "$oid": "6574a0c01fe35f4622cdbbb1"
  },
  "image": {
    "name": "car3_resized.jpg",
    "link": "https://github.com/atts234/imagescw/blob/main/car3_resized.jpg",
    "color": {
      "mean": [
        113.542836,
        118.443248,
        126.353068
      ],
      "std": [
        60.04805785497242,
        60.634144153342,
        64.86163857871625
      ],
      "skewness": [
        -0.026272768325375125,
        -0.1753274960117107,
        -0.2717541570641485
      ]
    },
    "shape": {
      "area": 249476,
      "perimeter": 1955.716,
      "eccentricity": 0.0468356068331131
    },
    "texture": {
      "contrast": {
        "Contrast": 0.05975150300601202
      },
      "correlation": {
        "Correlation": 0.991547681802545
      }
    }
  }
},
{
  "_id": {
    "$oid": "6574a0c01fe35f4622cdbbb5"
  },
  "image": {
    "name": "dog1_resized.jpg",
    "link": "https://github.com/atts234/imagescw/blob/main/dog1_resized.jpg",
    "color": {
      "mean": [
        119.687772,
        113.334164,
        80.821484
      ],
      "std": [
        63.311700207477834,
        49.919899623362646,
        37.78964789817044
      ],
      "skewness": [
        0.46169171783579566,
        0.12421715140083592,
        0.4972287154221589
      ]
    },
    "shape": {
      "area": 250000,
      "perimeter": 1955.716,
      "eccentricity": 0
    },
    "texture": {
      "contrast": {
        "Contrast": 0.1313947895791583
      },
      "correlation": {
        "Correlation": 0.9749713020868737
      }
    }
  }
},
{
  "_id": {
    "$oid": "6574a0c01fe35f4622cdbbb6"
  },
  "image": {
    "name": "dog1_resized_cropped.jpg",
    "link": "https://github.com/atts234/imagescw/blob/main/dog1_resized_cropped.jpg",
    "color": {
      "mean": [
        121.2059050721471,
        113.15509973471757,
        80.80317014711919
      ],
      "std": [
        64.64948934771832,
        50.769757023547655,
        38.54776506943237
      ],
      "skewness": [
        0.41489067138289637,
        0.12885529768656476,
        0.4972148259733238
      ]
    },
    "shape": {
      "area": 226551,
      "perimeter": 1861.636,
      "eccentricity": 0.202849246031608
    },
    "texture": {
      "contrast": {
        "Contrast": 0.13350141542816701
      },
      "correlation": {
        "Correlation": 0.9755279948474235
      }
    }
  }
},
{
  "_id": {
    "$oid": "6574a0c01fe35f4622cdbbba"
  },
  "image": {
    "name": "dog3_resized_cropped.jpg",
    "link": "https://github.com/atts234/imagescw/blob/main/dog3_resized_cropped.jpg",
    "color": {
      "mean": [
        98.9326978515865,
        93.21356061966559,
        76.51365797408293
      ],
      "std": [
        49.75554558642017,
        51.94526726121438,
        56.61762104441654
      ],
      "skewness": [
        0.18031402426634047,
        0.43530623183140305,
        0.8239582630790513
      ]
    },
    "shape": {
      "area": 211558,
      "perimeter": 1800.876,
      "eccentricity": 0.41272562811074354
    },
    "texture": {
      "contrast": {
        "Contrast": 0.0791365884158472
      },
      "correlation": {
        "Correlation": 0.9849939167580045
      }
    }
  }
},
{
  "_id": {
    "$oid": "6574a0c01fe35f4622cdbbc5"
  },
  "image": {
    "name": "dog9_resized.jpg",
    "link": "https://github.com/atts234/imagescw/blob/main/dog9_resized.jpg",
    "color": {
      "mean": [
        151.36356,
        137.210448,
        108.619448
      ],
      "std": [
        39.700163129869,
        38.42672218770691,
        36.878197843457606
      ],
      "skewness": [
        -0.801216615868078,
        -0.5495117868028858,
        -0.052835725684247
      ]
    },
    "shape": {
      "area": 250000,
      "perimeter": 1955.716,
      "eccentricity": 0
    },
    "texture": {
      "contrast": {
        "Contrast": 0.07018036072144289
      },
      "correlation": {
        "Correlation": 0.97674602967857
      }
    }
  }
},
{
  "_id": {
    "$oid": "6574a0c01fe35f4622cdbbca"
  },
  "image": {
    "name": "fruit2_resized_cropped.jpg",
    "link": "https://github.com/atts234/imagescw/blob/main/fruit2_resized_cropped.jpg",
    "color": {
      "mean": [
        117.09887252227678,
        37.75865915014851,
        37.65386433897072
      ],
      "std": [
        54.2283622796998,
        62.99065942174861,
        62.93795558279085
      ],
      "skewness": [
        0.4433414479392776,
        2.5437745947337587,
        2.530205574116723
      ]
    },
    "shape": {
      "area": 164970,
      "perimeter": 1589.196,
      "eccentricity": 0.3872236509140056
    },
    "texture": {
      "contrast": {
        "Contrast": 0.02917729979341354
      },
      "correlation": {
        "Correlation": 0.9951971103176065
      }
    }
  }
},
{
  "_id": {
    "$oid": "6574a0c01fe35f4622cdbbd4"
  },
  "image": {
    "name": "fruit7_resized_cropped.jpg",
    "link": "https://github.com/atts234/imagescw/blob/main/fruit7_resized_cropped.jpg",
    "color": {
      "mean": [
        166.61099569347962,
        168.10003462528945,
        122.06947780735355
      ],
      "std": [
        32.04399616838266,
        32.6562714187319,
        51.436760801594765
      ],
      "skewness": [
        1.9280419609942059,
        1.7756766149160452,
        1.714287533786937
      ]
    },
    "shape": {
      "area": 184836,
      "perimeter": 1681.316,
      "eccentricity": 0.26781512874182906
    },
    "texture": {
      "contrast": {
        "Contrast": 0.01602511957830345
      },
      "correlation": {
        "Correlation": 0.991851186477896
      }
    }
  }
},
{
  "_id": {
    "$oid": "6574a0c01fe35f4622cdbbd5"
  },
  "image": {
    "name": "lady1_resized.jpg",
    "link": "https://github.com/atts234/imagescw/blob/main/lady1_resized.jpg",
    "color": {
      "mean": [
        121.970836,
        99.6726,
        77.4274
      ],
      "std": [
        54.42318007054731,
        45.55468052961926,
        42.03284682579624
      ],
      "skewness": [
        -0.22625729658621055,
        -0.04994203137968503,
        -0.02447557123631638
      ]
    },
    "shape": {
      "area": 249974,
      "perimeter": 1955.716,
      "eccentricity": 0.013501735339694764
    },
    "texture": {
      "contrast": {
        "Contrast": 0.05268937875751503
      },
      "correlation": {
        "Correlation": 0.9880736947739153
      }
    }
  }
},
{
  "_id": {
    "$oid": "6574a0c01fe35f4622cdbbd7"
  },
  "image": {
    "name": "man10_resized.jpg",
    "link": "https://github.com/atts234/imagescw/blob/main/man10_resized.jpg",
    "color": {
      "mean": [
        145.756976,
        116.027624,
        88.215432
      ],
      "std": [
        71.54663636412359,
        74.81096539703793,
        77.92170498790307
      ],
      "skewness": [
        -0.08726103369949557,
        0.40761075988302026,
        0.7255891863302214
      ]
    },
    "shape": {
      "area": 250000,
      "perimeter": 1955.716,
      "eccentricity": 0
    },
    "texture": {
      "contrast": {
        "Contrast": 0.05276953907815632
      },
      "correlation": {
        "Correlation": 0.9951956753545755
      }
    }
  }
},
{
  "_id": {
    "$oid": "6574a0c01fe35f4622cdbbd9"
  },
  "image": {
    "name": "man1_resized.jpg",
    "link": "https://github.com/atts234/imagescw/blob/main/man1_resized.jpg",
    "color": {
      "mean": [
        100.673692,
        76.039204,
        59.74314
      ],
      "std": [
        71.0974070023251,
        58.9762652246293,
        44.69107490438225
      ],
      "skewness": [
        0.16487064041189448,
        0.54363611653921,
        0.34004496559249353
      ]
    },
    "shape": {
      "area": 250000,
      "perimeter": 1955.716,
      "eccentricity": 0
    },
    "texture": {
      "contrast": {
        "Contrast": 0.05319038076152304
      },
      "correlation": {
        "Correlation": 0.9924792480822927
      }
    }
  }
},
{
  "_id": {
    "$oid": "6574a0c01fe35f4622cdbbda"
  },
  "image": {
    "name": "man1_resized_cropped.jpg",
    "link": "https://github.com/atts234/imagescw/blob/main/man1_resized_cropped.jpg",
    "color": {
      "mean": [
        95.7738575786522,
        68.25938434043077,
        57.51881798292916
      ],
      "std": [
        68.13241391918186,
        52.124384863420936,
        45.913509369089525
      ],
      "skewness": [
        0.1224098968111507,
        0.41700587390430643,
        0.4262864565867687
      ]
    },
    "shape": {
      "area": 162264,
      "perimeter": 1575.4759999999999,
      "eccentricity": 0.33515705489130326
    },
    "texture": {
      "contrast": {
        "Contrast": 0.04898980537534755
      },
      "correlation": {
        "Correlation": 0.992012687061324
      }
    }
  }
},
{
  "_id": {
    "$oid": "6574a0c01fe35f4622cdbbdb"
  },
  "image": {
    "name": "man2_resized.jpg",
    "link": "https://github.com/atts234/imagescw/blob/main/man2_resized.jpg",
    "color": {
      "mean": [
        100.133296,
        80.543636,
        70.614228
      ],
      "std": [
        71.04848164263156,
        56.57397552195123,
        54.647496130741004
      ],
      "skewness": [
        0.09002417495070208,
        0.07806021342219145,
        0.38315562782936546
      ]
    },
    "shape": {
      "area": 249412,
      "perimeter": 2053.154,
      "eccentricity": 0.07974481563824441
    },
    "texture": {
      "contrast": {
        "Contrast": 0.03775551102204409
      },
      "correlation": {
        "Correlation": 0.994163141885773
      }
    }
  }
},
{
  "_id": {
    "$oid": "6574a0c01fe35f4622cdbbde"
  },
  "image": {
    "name": "man4_resized.jpg",
    "link": "https://github.com/atts234/imagescw/blob/main/man4_resized.jpg",
    "color": {
      "mean": [
        130.10616,
        103.821752,
        99.365716
      ],
      "std": [
        37.44187529532277,
        29.61359227634982,
        27.945955194141977
      ],
      "skewness": [
        0.465838116075424,
        0.7550518453969655,
        0.8020951455932642
      ]
    },
    "shape": {
      "area": 250000,
      "perimeter": 1955.716,
      "eccentricity": 0
    },
    "texture": {
      "contrast": {
        "Contrast": 0.03159118236472946
      },
      "correlation": {
        "Correlation": 0.9834983055395213
      }
    }
  }
},
{
  "_id": {
    "$oid": "6574a0c01fe35f4622cdbbe0"
  },
  "image": {
    "name": "man5_resized.jpg",
    "link": "https://github.com/atts234/imagescw/blob/main/man5_resized.jpg",
    "color": {
      "mean": [
        145.954088,
        129.235728,
        91.89154
      ],
      "std": [
        54.07278557234509,
        45.84754109325944,
        40.948030909841584
      ],
      "skewness": [
        0.018149453823843892,
        0.0769268376018596,
        0.18604019928873725
      ]
    },
    "shape": {
      "area": 250000,
      "perimeter": 1955.716,
      "eccentricity": 0
    },
    "texture": {
      "contrast": {
        "Contrast": 0.05051302605210421
      },
      "correlation": {
        "Correlation": 0.9888516756094643
      }
    }
  }
},
{
  "_id": {
    "$oid": "6574a0c01fe35f4622cdbbe4"
  },
  "image": {
    "name": "man7_resized.jpg",
    "link": "https://github.com/atts234/imagescw/blob/main/man7_resized.jpg",
    "color": {
      "mean": [
        173.275476,
        151.690604,
        123.234348
      ],
      "std": [
        51.55924544052778,
        59.804226742742294,
        74.51843525600664
      ],
      "skewness": [
        -0.38769011550302634,
        0.153785001081169,
        0.44369962198007196
      ]
    },
    "shape": {
      "area": 250000,
      "perimeter": 1955.716,
      "eccentricity": 0
    },
    "texture": {
      "contrast": {
        "Contrast": 0.0538997995991984
      },
      "correlation": {
        "Correlation": 0.9919974884212409
      }
    }
  }
},
{
  "_id": {
    "$oid": "6574a0c01fe35f4622cdbbad"
  },
  "image": {
    "name": "car1_resized.jpg",
    "link": "https://github.com/atts234/imagescw/blob/main/car1_resized.jpg",
    "color": {
      "mean": [
        125.628556,
        124.31004,
        108.53008
      ],
      "std": [
        66.19466999911856,
        61.94453105559933,
        54.13429627585208
      ],
      "skewness": [
        0.0699109425044705,
        -0.051211252342020876,
        -0.050522051077400494
      ]
    },
    "shape": {
      "area": 249955,
      "perimeter": 1955.716,
      "eccentricity": 0.022110880286316047
    },
    "texture": {
      "contrast": {
        "Contrast": 0.12266132264529059
      },
      "correlation": {
        "Correlation": 0.9841186211236468
      }
    }
  }
},
{
  "_id": {
    "$oid": "6574a0c01fe35f4622cdbbb2"
  },
  "image": {
    "name": "car3_resized_cropped.jpg",
    "link": "https://github.com/atts234/imagescw/blob/main/car3_resized_cropped.jpg",
    "color": {
      "mean": [
        101.95579542015535,
        106.1356266182454,
        112.77065805844178
      ],
      "std": [
        60.1886482025594,
        60.649259312078165,
        64.08169087431268
      ],
      "skewness": [
        0.23620619828586034,
        0.10476266793330745,
        -0.004289379794443106
      ]
    },
    "shape": {
      "area": 148229,
      "perimeter": 1516.676,
      "eccentricity": 0.6016044087205364
    },
    "texture": {
      "contrast": {
        "Contrast": 0.05979103471520053
      },
      "correlation": {
        "Correlation": 0.991604777009272
      }
    }
  }
},
{
  "_id": {
    "$oid": "6574a0c01fe35f4622cdbbb4"
  },
  "image": {
    "name": "car8_resized_cropped.jpg",
    "link": "https://github.com/atts234/imagescw/blob/main/car8_resized_cropped.jpg",
    "color": {
      "mean": [
        138.80719796840935,
        110.17090319354008,
        109.8137724754427
      ],
      "std": [
        63.05567698483759,
        65.43659047655494,
        62.39632943367049
      ],
      "skewness": [
        -0.09266852383606149,
        0.2190915805710813,
        0.26921204992632686
      ]
    },
    "shape": {
      "area": 205938,
      "perimeter": 1775.396,
      "eccentricity": 0.3289608634838784
    },
    "texture": {
      "contrast": {
        "Contrast": 0.11005518087063151
      },
      "correlation": {
        "Correlation": 0.9861279718773462
      }
    }
  }
},
{
  "_id": {
    "$oid": "6574a0c01fe35f4622cdbbb7"
  },
  "image": {
    "name": "dog2_resized.jpg",
    "link": "https://github.com/atts234/imagescw/blob/main/dog2_resized.jpg",
    "color": {
      "mean": [
        135.42308,
        135.084388,
        104.15728
      ],
      "std": [
        50.25424496766564,
        44.7600121592947,
        52.33028882815491
      ],
      "skewness": [
        0.4160309912851956,
        0.6547702364180058,
        0.8883952632955678
      ]
    },
    "shape": {
      "area": 250000,
      "perimeter": 1955.716,
      "eccentricity": 0
    },
    "texture": {
      "contrast": {
        "Contrast": 0.06684969939879759
      },
      "correlation": {
        "Correlation": 0.9831942849698915
      }
    }
  }
},
{
  "_id": {
    "$oid": "6574a0c01fe35f4622cdbbb8"
  },
  "image": {
    "name": "dog2_resized_cropped.jpg",
    "link": "https://github.com/atts234/imagescw/blob/main/dog2_resized_cropped.jpg",
    "color": {
      "mean": [
        145.75666099773244,
        140.85859090012818,
        114.51487479049591
      ],
      "std": [
        52.28843156984929,
        47.84587121401783,
        56.76870677650436
      ],
      "skewness": [
        0.15950695332834797,
        0.4909531494444077,
        0.6603256238382066
      ]
    },
    "shape": {
      "area": 162288,
      "perimeter": 1575.4759999999999,
      "eccentricity": 0.32164627056458495
    },
    "texture": {
      "contrast": {
        "Contrast": 0.07392786982467846
      },
      "correlation": {
        "Correlation": 0.9835917452254758
      }
    }
  }
},
{
  "_id": {
    "$oid": "6574a0c01fe35f4622cdbbbb"
  },
  "image": {
    "name": "dog4_resized.jpg",
    "link": "https://github.com/atts234/imagescw/blob/main/dog4_resized.jpg",
    "color": {
      "mean": [
        125.384484,
        112.30424,
        111.974596
      ],
      "std": [
        62.27090195841608,
        59.2204066369748,
        60.17970658806115
      ],
      "skewness": [
        -0.431946231778389,
        -0.25681435584826695,
        -0.18251289116234834
      ]
    },
    "shape": {
      "area": 250000,
      "perimeter": 1955.716,
      "eccentricity": 0
    },
    "texture": {
      "contrast": {
        "Contrast": 0.09580761523046094
      },
      "correlation": {
        "Correlation": 0.9869566384468454
      }
    }
  }
},
{
  "_id": {
    "$oid": "6574a0c01fe35f4622cdbbbc"
  },
  "image": {
    "name": "dog4_resized_cropped.jpg",
    "link": "https://github.com/atts234/imagescw/blob/main/dog4_resized_cropped.jpg",
    "color": {
      "mean": [
        120.33268585963695,
        107.0786125563649,
        106.37129379118973
      ],
      "std": [
        62.919656125529265,
        59.43820741027538,
        60.34945294832536
      ],
      "skewness": [
        -0.29126478673550993,
        -0.10653570427449442,
        -0.023917304327163845
      ]
    },
    "shape": {
      "area": 216225,
      "perimeter": 1818.5159999999998,
      "eccentricity": 0
    },
    "texture": {
      "contrast": {
        "Contrast": 0.09718668891360771
      },
      "correlation": {
        "Correlation": 0.9869396685310027
      }
    }
  }
},
{
  "_id": {
    "$oid": "6574a0c01fe35f4622cdbbc1"
  },
  "image": {
    "name": "dog7_resized.jpg",
    "link": "https://github.com/atts234/imagescw/blob/main/dog7_resized.jpg",
    "color": {
      "mean": [
        157.37986,
        146.596264,
        131.911104
      ],
      "std": [
        73.16318446996854,
        54.423950289443034,
        53.615873136120726
      ],
      "skewness": [
        -0.4346682918774316,
        -0.3303901268490925,
        -0.2905546794129564
      ]
    },
    "shape": {
      "area": 250000,
      "perimeter": 1955.716,
      "eccentricity": 0
    },
    "texture": {
      "contrast": {
        "Contrast": 0.14386372745490983
      },
      "correlation": {
        "Correlation": 0.9792058901797399
      }
    }
  }
},
{
  "_id": {
    "$oid": "6574a0c01fe35f4622cdbbc2"
  },
  "image": {
    "name": "dog7_resized_cropped.jpg",
    "link": "https://github.com/atts234/imagescw/blob/main/dog7_resized_cropped.jpg",
    "color": {
      "mean": [
        173.1182450301935,
        154.04033697712347,
        142.3217922158064
      ],
      "std": [
        61.3650660080392,
        49.01128830590351,
        44.579754439600535
      ],
      "skewness": [
        -0.7359121764722321,
        -0.4709718674419885,
        -0.3572982950034774
      ]
    },
    "shape": {
      "area": 181496,
      "perimeter": 1671.5159999999998,
      "eccentricity": 0.5321465375229503
    },
    "texture": {
      "contrast": {
        "Contrast": 0.13935580805709458
      },
      "correlation": {
        "Correlation": 0.9734877468837652
      }
    }
  }
},
{
  "_id": {
    "$oid": "6574a0c01fe35f4622cdbbc3"
  },
  "image": {
    "name": "dog8_resized.jpg",
    "link": "https://github.com/atts234/imagescw/blob/main/dog8_resized.jpg",
    "color": {
      "mean": [
        123.77428,
        108.471324,
        116.821436
      ],
      "std": [
        80.41390852376428,
        80.2172537856928,
        78.78671652178875
      ],
      "skewness": [
        0.37309354088687,
        0.6992042942683538,
        0.5948780236481551
      ]
    },
    "shape": {
      "area": 250000,
      "perimeter": 1955.716,
      "eccentricity": 0
    },
    "texture": {
      "contrast": {
        "Contrast": 0.1276072144288577
      },
      "correlation": {
        "Correlation": 0.9884619237559152
      }
    }
  }
},
{
  "_id": {
    "$oid": "6574a0c01fe35f4622cdbbc4"
  },
  "image": {
    "name": "dog8_resized_cropped.jpg",
    "link": "https://github.com/atts234/imagescw/blob/main/dog8_resized_cropped.jpg",
    "color": {
      "mean": [
        96.16924264062284,
        85.7901771318008,
        94.95375915603262
      ],
      "std": [
        62.166364977289795,
        60.148230116582255,
        62.668011242580874
      ],
      "skewness": [
        0.9756970643606782,
        1.258921821906082,
        1.1598924811889646
      ]
    },
    "shape": {
      "area": 173656,
      "perimeter": 1632.316,
      "eccentricity": 0.46582693812070464
    },
    "texture": {
      "contrast": {
        "Contrast": 0.15610260199869525
      },
      "correlation": {
        "Correlation": 0.973946542106057
      }
    }
  }
},
{
  "_id": {
    "$oid": "6574a0c01fe35f4622cdbbc7"
  },
  "image": {
    "name": "fruit1_resized.jpg",
    "link": "https://github.com/atts234/imagescw/blob/main/fruit1_resized.jpg",
    "color": {
      "mean": [
        209.088608,
        203.959192,
        154.009972
      ],
      "std": [
        45.807792328791535,
        48.38303936692201,
        77.96254445047688
      ],
      "skewness": [
        -0.827638126023416,
        -0.6707858335828626,
        0.22431878887353737
      ]
    },
    "shape": {
      "area": 250000,
      "perimeter": 1955.716,
      "eccentricity": 0
    },
    "texture": {
      "contrast": {
        "Contrast": 0.021899799599198397
      },
      "correlation": {
        "Correlation": 0.9946873194168123
      }
    }
  }
},
{
  "_id": {
    "$oid": "6574a0c01fe35f4622cdbbcd"
  },
  "image": {
    "name": "fruit4_resized.jpg",
    "link": "https://github.com/atts234/imagescw/blob/main/fruit4_resized.jpg",
    "color": {
      "mean": [
        232.816028,
        130.906912,
        101.626204
      ],
      "std": [
        40.147971078767426,
        79.57569090989156,
        96.70233270151766
      ],
      "skewness": [
        -2.4913906464629116,
        0.7510120082271335,
        0.8643331199151674
      ]
    },
    "shape": {
      "area": 250000,
      "perimeter": 1955.716,
      "eccentricity": 0
    },
    "texture": {
      "contrast": {
        "Contrast": 0.02488977955911824
      },
      "correlation": {
        "Correlation": 0.9961946572666822
      }
    }
  }
},
{
  "_id": {
    "$oid": "6574a0c01fe35f4622cdbbce"
  },
  "image": {
    "name": "fruit4_resized_cropped.jpg",
    "link": "https://github.com/atts234/imagescw/blob/main/fruit4_resized_cropped.jpg",
    "color": {
      "mean": [
        231.69350898803683,
        103.02015783869554,
        65.43448441447272
      ],
      "std": [
        38.95690865063914,
        58.89501266598601,
        70.35739870904214
      ],
      "skewness": [
        -2.4654819056442068,
        1.7670498681394673,
        2.1159765802837827
      ]
    },
    "shape": {
      "area": 191588,
      "perimeter": 1712.676,
      "eccentricity": 0.36878325174372406
    },
    "texture": {
      "contrast": {
        "Contrast": 0.023769917244698326
      },
      "correlation": {
        "Correlation": 0.9939961557364028
      }
    }
  }
},
{
  "_id": {
    "$oid": "6574a0c01fe35f4622cdbbcf"
  },
  "image": {
    "name": "fruit5_resized.jpg",
    "link": "https://github.com/atts234/imagescw/blob/main/fruit5_resized.jpg",
    "color": {
      "mean": [
        153.377152,
        116.771124,
        98.625172
      ],
      "std": [
        69.59971302274954,
        85.30514066364766,
        90.74577957765578
      ],
      "skewness": [
        0.050714777593006306,
        0.5470423034278177,
        0.859043663684518
      ]
    },
    "shape": {
      "area": 250000,
      "perimeter": 1955.716,
      "eccentricity": 0
    },
    "texture": {
      "contrast": {
        "Contrast": 0.04103406813627255
      },
      "correlation": {
        "Correlation": 0.9963340210611819
      }
    }
  }
},
{
  "_id": {
    "$oid": "6574a0c01fe35f4622cdbbd8"
  },
  "image": {
    "name": "man10_resized_cropped.jpg",
    "link": "https://github.com/atts234/imagescw/blob/main/man10_resized_cropped.jpg",
    "color": {
      "mean": [
        132.33043137011907,
        97.73683014737016,
        67.24813850936167
      ],
      "std": [
        63.565647678805064,
        61.510251829354104,
        61.16863143949211
      ],
      "skewness": [
        0.019373191589336303,
        0.6677839719525037,
        1.2317208491764742
      ]
    },
    "shape": {
      "area": 193662,
      "perimeter": 1726.396,
      "eccentricity": 0.5249176152352482
    },
    "texture": {
      "contrast": {
        "Contrast": 0.055050857985868465
      },
      "correlation": {
        "Correlation": 0.9928853747509304
      }
    }
  }
},
{
  "_id": {
    "$oid": "6574a0c01fe35f4622cdbbdc"
  },
  "image": {
    "name": "man3_resized.jpg",
    "link": "https://github.com/atts234/imagescw/blob/main/man3_resized.jpg",
    "color": {
      "mean": [
        113.714948,
        90.35588,
        79.221636
      ],
      "std": [
        54.58906906353269,
        50.53486658255429,
        50.75785877009008
      ],
      "skewness": [
        0.09040436821742666,
        0.5925727393311604,
        0.8689020325944095
      ]
    },
    "shape": {
      "area": 250000,
      "perimeter": 1955.716,
      "eccentricity": 0
    },
    "texture": {
      "contrast": {
        "Contrast": 0.05362324649298598
      },
      "correlation": {
        "Correlation": 0.9895523032970431
      }
    }
  }
},
{
  "_id": {
    "$oid": "6574a0c01fe35f4622cdbbdd"
  },
  "image": {
    "name": "man3_resized_cropped.jpg",
    "link": "https://github.com/atts234/imagescw/blob/main/man3_resized_cropped.jpg",
    "color": {
      "mean": [
        118.85707909375698,
        84.7890860699437,
        69.82280981625517
      ],
      "std": [
        53.312159398598105,
        46.6341219072345,
        42.89783043729372
      ],
      "skewness": [
        -0.015627601632065412,
        0.2983871511128083,
        0.44005454659058735
      ]
    },
    "shape": {
      "area": 120983,
      "perimeter": 1359.876,
      "eccentricity": 0.344684307482073
    },
    "texture": {
      "contrast": {
        "Contrast": 0.050536279694312285
      },
      "correlation": {
        "Correlation": 0.9890469800814876
      }
    }
  }
},
{
  "_id": {
    "$oid": "6574a0c01fe35f4622cdbbdf"
  },
  "image": {
    "name": "man4_resized_cropped.jpg",
    "link": "https://github.com/atts234/imagescw/blob/main/man4_resized_cropped.jpg",
    "color": {
      "mean": [
        135.47898724082935,
        107.6753322700691,
        102.31974348750664
      ],
      "std": [
        43.12212815296423,
        32.74656180039037,
        30.224340839668194
      ],
      "skewness": [
        0.20144216798905457,
        0.43083816178335543,
        0.4364631062756282
      ]
    },
    "shape": {
      "area": 150480,
      "perimeter": 1516.676,
      "eccentricity": 0.28138158135725405
    },
    "texture": {
      "contrast": {
        "Contrast": 0.0362491672218521
      },
      "correlation": {
        "Correlation": 0.9845914954301648
      }
    }
  }
},
{
  "_id": {
    "$oid": "6574a0c01fe35f4622cdbbe1"
  },
  "image": {
    "name": "man5_resized_cropped.jpg",
    "link": "https://github.com/atts234/imagescw/blob/main/man5_resized_cropped.jpg",
    "color": {
      "mean": [
        163.24692302090162,
        141.09897312650207,
        99.9917947224043
      ],
      "std": [
        51.21672618223647,
        45.60287573649663,
        40.48056861276654
      ],
      "skewness": [
        -0.24585433062859968,
        -0.23754911351800032,
        -0.2509326165938473
      ]
    },
    "shape": {
      "area": 164772,
      "perimeter": 1587.2359999999999,
      "eccentricity": 0.2753199391067626
    },
    "texture": {
      "contrast": {
        "Contrast": 0.05621935342572426
      },
      "correlation": {
        "Correlation": 0.987254523032204
      }
    }
  }
},
{
  "_id": {
    "$oid": "6574a0c01fe35f4622cdbbe8"
  },
  "image": {
    "name": "man9_resized.jpg",
    "link": "https://github.com/atts234/imagescw/blob/main/man9_resized.jpg",
    "color": {
      "mean": [
        79.738604,
        56.83952,
        39.143364
      ],
      "std": [
        48.86115980800021,
        43.297651401849386,
        44.10449591129851
      ],
      "skewness": [
        -0.01863230018563627,
        0.892822565928677,
        1.419883888253479
      ]
    },
    "shape": {
      "area": [
        247560,
        1
      ],
      "perimeter": [
        2285.1209999999996,
        0
      ],
      "eccentricity": [
        0.1725791016245407,
        0
      ]
    },
    "texture": {
      "contrast": {
        "Contrast": 0.0371062124248497
      },
      "correlation": {
        "Correlation": 0.9894047897943287
      }
    }
  }
},
{
  "_id": {
    "$oid": "6574a0c01fe35f4622cdbbe9"
  },
  "image": {
    "name": "man9_resized_cropped.jpg",
    "link": "https://github.com/atts234/imagescw/blob/main/man9_resized_cropped.jpg",
    "color": {
      "mean": [
        90.90312657142012,
        60.53095512763629,
        38.39292158428728
      ],
      "std": [
        42.482371792771666,
        31.94690411696121,
        30.900645274593785
      ],
      "skewness": [
        -0.4357432121205723,
        0.41486705180827343,
        1.3803387926689674
      ]
    },
    "shape": {
      "area": 135027,
      "perimeter": 1452.3019999999997,
      "eccentricity": 0.37576634114621915
    },
    "texture": {
      "contrast": {
        "Contrast": 0.04123963632588286
      },
      "correlation": {
        "Correlation": 0.9800689017526856
      }
    }
  }
},
{
  "_id": {
    "$oid": "6574a0c01fe35f4622cdbbb3"
  },
  "image": {
    "name": "car8_resized.jpg",
    "link": "https://github.com/atts234/imagescw/blob/main/car8_resized.jpg",
    "color": {
      "mean": [
        139.684368,
        112.127812,
        109.615336
      ],
      "std": [
        62.392497784074166,
        64.01458255397576,
        61.33592006310386
      ],
      "skewness": [
        -0.12665459563568607,
        0.16377945416326986,
        0.25389691577061463
      ]
    },
    "shape": {
      "area": 249988,
      "perimeter": 1955.716,
      "eccentricity": 0.006162522903292925
    },
    "texture": {
      "contrast": {
        "Contrast": 0.10517434869739478
      },
      "correlation": {
        "Correlation": 0.9862826252324376
      }
    }
  }
},
{
  "_id": {
    "$oid": "6574a0c01fe35f4622cdbbbe"
  },
  "image": {
    "name": "dog5_resized_cropped.jpg",
    "link": "https://github.com/atts234/imagescw/blob/main/dog5_resized_cropped.jpg",
    "color": {
      "mean": [
        135.41990282778147,
        104.96743594673005,
        105.61989671082526
      ],
      "std": [
        42.10396508719789,
        42.42060813917185,
        45.54976148485189
      ],
      "skewness": [
        0.3329286859267427,
        0.795596324399263,
        0.7734563007773909
      ]
    },
    "shape": {
      "area": 228872,
      "perimeter": 1871.436,
      "eccentricity": 0.2763203990175083
    },
    "texture": {
      "contrast": {
        "Contrast": 0.139437748190698
      },
      "correlation": {
        "Correlation": 0.9605563067828158
      }
    }
  }
},
{
  "_id": {
    "$oid": "6574a0c01fe35f4622cdbbc0"
  },
  "image": {
    "name": "dog6_resized_cropped.jpg",
    "link": "https://github.com/atts234/imagescw/blob/main/dog6_resized_cropped.jpg",
    "color": {
      "mean": [
        143.45087083459177,
        141.56046511627906,
        130.9802929628511
      ],
      "std": [
        72.09122151474753,
        70.96106501626141,
        77.10246472475127
      ],
      "skewness": [
        -0.1787416991755307,
        -0.14693515496166687,
        -0.0790245436072337
      ]
    },
    "shape": {
      "area": 198594,
      "perimeter": 1745.9959999999999,
      "eccentricity": 0.45994907534259577
    },
    "texture": {
      "contrast": {
        "Contrast": 0.13901012679943686
      },
      "correlation": {
        "Correlation": 0.9864142195815913
      }
    }
  }
},
{
  "_id": {
    "$oid": "6574a0c01fe35f4622cdbbc8"
  },
  "image": {
    "name": "fruit1_resized_cropped.jpg",
    "link": "https://github.com/atts234/imagescw/blob/main/fruit1_resized_cropped.jpg",
    "color": {
      "mean": [
        195.01540291911874,
        187.03804343977282,
        109.05914720941597
      ],
      "std": [
        36.16590192721268,
        36.409273114060646,
        43.248638267566676
      ],
      "skewness": [
        -0.7629975835535484,
        -0.6365756471452232,
        1.047286954882965
      ]
    },
    "shape": {
      "area": 141207,
      "perimeter": 1469.636,
      "eccentricity": 0.3594562116801759
    },
    "texture": {
      "contrast": {
        "Contrast": 0.02017125330152509
      },
      "correlation": {
        "Correlation": 0.9925056555597181
      }
    }
  }
},
{
  "_id": {
    "$oid": "6574a0c01fe35f4622cdbbc9"
  },
  "image": {
    "name": "fruit2_resized.jpg",
    "link": "https://github.com/atts234/imagescw/blob/main/fruit2_resized.jpg",
    "color": {
      "mean": [
        143.96524,
        87.688776,
        87.165712
      ],
      "std": [
        77.38083679386006,
        105.50526421494307,
        105.5692746163393
      ],
      "skewness": [
        0.2071510554715735,
        0.8228622848211015,
        0.822952994590009
      ]
    },
    "shape": {
      "area": 250000,
      "perimeter": 1955.716,
      "eccentricity": 0
    },
    "texture": {
      "contrast": {
        "Contrast": 0.03327054108216433
      },
      "correlation": {
        "Correlation": 0.9978842440161675
      }
    }
  }
},
{
  "_id": {
    "$oid": "6574a0c01fe35f4622cdbbcb"
  },
  "image": {
    "name": "fruit3_resized.jpg",
    "link": "https://github.com/atts234/imagescw/blob/main/fruit3_resized.jpg",
    "color": {
      "mean": [
        234.739088,
        219.712744,
        128.98872
      ],
      "std": [
        34.2029563093183,
        44.95422506861692,
        102.09700555822245
      ],
      "skewness": [
        -3.124489356719697,
        -2.0593697556831234,
        0.33331471620908276
      ]
    },
    "shape": {
      "area": 250000,
      "perimeter": 1955.716,
      "eccentricity": 0
    },
    "texture": {
      "contrast": {
        "Contrast": 0.028176352705410822
      },
      "correlation": {
        "Correlation": 0.9907632621960151
      }
    }
  }
},
{
  "_id": {
    "$oid": "6574a0c01fe35f4622cdbbcc"
  },
  "image": {
    "name": "fruit3_resized_cropped.jpg",
    "link": "https://github.com/atts234/imagescw/blob/main/fruit3_resized_cropped.jpg",
    "color": {
      "mean": [
        228.97431865828094,
        209.25296282034827,
        91.87151307063706
      ],
      "std": [
        37.232002108751416,
        46.842315088945156,
        87.66306059011156
      ],
      "skewness": [
        -2.7463122703513605,
        -1.8553211740868285,
        1.1768842627379348
      ]
    },
    "shape": {
      "area": 186984,
      "perimeter": 1698.956,
      "eccentricity": 0.5697718280225488
    },
    "texture": {
      "contrast": {
        "Contrast": 0.035162219112419374
      },
      "correlation": {
        "Correlation": 0.9892580365036365
      }
    }
  }
},
{
  "_id": {
    "$oid": "6574a0c01fe35f4622cdbbd1"
  },
  "image": {
    "name": "fruit6_resized.jpg",
    "link": "https://github.com/atts234/imagescw/blob/main/fruit6_resized.jpg",
    "color": {
      "mean": [
        191.993572,
        141.096156,
        91.109828
      ],
      "std": [
        43.273731768178486,
        66.50571423617501,
        86.19259097197015
      ],
      "skewness": [
        -0.07363326821338423,
        0.5637733916604529,
        1.2042033573673017
      ]
    },
    "shape": {
      "area": 250000,
      "perimeter": 1955.716,
      "eccentricity": 0
    },
    "texture": {
      "contrast": {
        "Contrast": 0.03798396793587174
      },
      "correlation": {
        "Correlation": 0.9936320116225186
      }
    }
  }
},
{
  "_id": {
    "$oid": "6574a0c01fe35f4622cdbbd2"
  },
  "image": {
    "name": "fruit6_resized_cropped.jpg",
    "link": "https://github.com/atts234/imagescw/blob/main/fruit6_resized_cropped.jpg",
    "color": {
      "mean": [
        186.60002084806294,
        130.78355178477548,
        77.53258642881747
      ],
      "std": [
        41.65251244724276,
        61.61805896696551,
        76.96940468638493
      ],
      "skewness": [
        0.050880558025301406,
        0.795663872909589,
        1.6622733964615206
      ]
    },
    "shape": {
      "area": 220644,
      "perimeter": 1838.116,
      "eccentricity": 0.3568639240934783
    },
    "texture": {
      "contrast": {
        "Contrast": 0.040802514557726724
      },
      "correlation": {
        "Correlation": 0.9921023385907702
      }
    }
  }
},
{
  "_id": {
    "$oid": "6574a0c01fe35f4622cdbbd6"
  },
  "image": {
    "name": "lady1_resized_cropped.jpg",
    "link": "https://github.com/atts234/imagescw/blob/main/lady1_resized_cropped.jpg",
    "color": {
      "mean": [
        128.33866187145432,
        101.676025826183,
        74.18339799318476
      ],
      "std": [
        52.21842850095817,
        45.759838093821195,
        42.18556093917738
      ],
      "skewness": [
        -0.3576974745053329,
        -0.21705814204562898,
        -0.024676268021650856
      ]
    },
    "shape": {
      "area": 211854,
      "perimeter": 1800.876,
      "eccentricity": 0.3324967930548162
    },
    "texture": {
      "contrast": {
        "Contrast": 0.05606327221812264
      },
      "correlation": {
        "Correlation": 0.9872257140814157
      }
    }
  }
},
{
  "_id": {
    "$oid": "6574a0c01fe35f4622cdbbe2"
  },
  "image": {
    "name": "man6_resized.jpg",
    "link": "https://github.com/atts234/imagescw/blob/main/man6_resized.jpg",
    "color": {
      "mean": [
        124.177372,
        98.495972,
        63.149152
      ],
      "std": [
        53.53881120076196,
        46.27267984911634,
        38.238620509235034
      ],
      "skewness": [
        -0.4257092520431932,
        -0.08148994006765196,
        0.6356939468332642
      ]
    },
    "shape": {
      "area": 249906,
      "perimeter": 1961.53,
      "eccentricity": 0.03440614171329932
    },
    "texture": {
      "contrast": {
        "Contrast": 0.045519038076152304
      },
      "correlation": {
        "Correlation": 0.9894593444782286
      }
    }
  }
},
{
  "_id": {
    "$oid": "6574a0c01fe35f4622cdbbe5"
  },
  "image": {
    "name": "man7_resized_cropped.jpg",
    "link": "https://github.com/atts234/imagescw/blob/main/man7_resized_cropped.jpg",
    "color": {
      "mean": [
        169.17612603305784,
        144.67397727272729,
        113.40819214876034
      ],
      "std": [
        48.44221056019334,
        55.574957695889594,
        68.33634451543026
      ],
      "skewness": [
        -0.2564389898434664,
        0.3420197045090907,
        0.658745500434661
      ]
    },
    "shape": {
      "area": 193600,
      "perimeter": 1720.5159999999998,
      "eccentricity": 0
    },
    "texture": {
      "contrast": {
        "Contrast": 0.05595361358459309
      },
      "correlation": {
        "Correlation": 0.9904795052909995
      }
    }
  }
},
{
  "_id": {
    "$oid": "6574a0c01fe35f4622cdbbe6"
  },
  "image": {
    "name": "man8_resized.jpg",
    "link": "https://github.com/atts234/imagescw/blob/main/man8_resized.jpg",
    "color": {
      "mean": [
        158.258984,
        124.611196,
        90.601156
      ],
      "std": [
        53.294212522375204,
        60.6852494618552,
        60.33738358483149
      ],
      "skewness": [
        -0.25706876293564473,
        0.4893642396193319,
        0.6681045010827613
      ]
    },
    "shape": {
      "area": 250000,
      "perimeter": 1955.716,
      "eccentricity": 0
    },
    "texture": {
      "contrast": {
        "Contrast": 0.05537875751503006
      },
      "correlation": {
        "Correlation": 0.9920175505198452
      }
    }
  }
},
{
  "_id": {
    "$oid": "6574a0c01fe35f4622cdbbe7"
  },
  "image": {
    "name": "man8_resized_cropped.jpg",
    "link": "https://github.com/atts234/imagescw/blob/main/man8_resized_cropped.jpg",
    "color": {
      "mean": [
        155.31178094799816,
        111.92272039971074,
        74.19164420485176
      ],
      "std": [
        41.91124476771068,
        45.68968341580164,
        42.873346744167236
      ],
      "skewness": [
        -0.2357311985108626,
        0.7126060727580638,
        1.2102434545508098
      ]
    },
    "shape": {
      "area": 152110,
      "perimeter": 1526.4759999999999,
      "eccentricity": 0.4256709020302153
    },
    "texture": {
      "contrast": {
        "Contrast": 0.043928806855636125
      },
      "correlation": {
        "Correlation": 0.9886106379202996
      }
    }
  }
},
{
  "_id": {
    "$oid": "6574a0c01fe35f4622cdbbb9"
  },
  "image": {
    "name": "dog3_resized.jpg",
    "link": "https://github.com/atts234/imagescw/blob/main/dog3_resized.jpg",
    "color": {
      "mean": [
        108.176308,
        103.496904,
        88.513796
      ],
      "std": [
        53.8266642169869,
        56.826949272536574,
        62.95892483973382
      ],
      "skewness": [
        0.058161528526630146,
        0.24858197313460637,
        0.5249647221581962
      ]
    },
    "shape": {
      "area": 249956,
      "perimeter": 1955.716,
      "eccentricity": 0.011553799733304115
    },
    "texture": {
      "contrast": {
        "Contrast": 0.0780440881763527
      },
      "correlation": {
        "Correlation": 0.9875892022036725
      }
    }
  }
},
{
  "_id": {
    "$oid": "6574a0c01fe35f4622cdbbbd"
  },
  "image": {
    "name": "dog5_resized.jpg",
    "link": "https://github.com/atts234/imagescw/blob/main/dog5_resized.jpg",
    "color": {
      "mean": [
        138.645056,
        108.53304,
        109.432452
      ],
      "std": [
        42.869843923799586,
        43.57612281826276,
        46.756339440644915
      ],
      "skewness": [
        0.24175934511637773,
        0.6736334040223673,
        0.6560999684946002
      ]
    },
    "shape": {
      "area": 250000,
      "perimeter": 1955.716,
      "eccentricity": 0
    },
    "texture": {
      "contrast": {
        "Contrast": 0.13839278557114226
      },
      "correlation": {
        "Correlation": 0.9627126998356175
      }
    }
  }
},
{
  "_id": {
    "$oid": "6574a0c01fe35f4622cdbbbf"
  },
  "image": {
    "name": "dog6_resized.jpg",
    "link": "https://github.com/atts234/imagescw/blob/main/dog6_resized.jpg",
    "color": {
      "mean": [
        130.966912,
        130.192244,
        120.231968
      ],
      "std": [
        74.16640881024938,
        72.28657521034101,
        77.35856880940631
      ],
      "skewness": [
        -0.005885283345172671,
        0.009853493704910628,
        0.10445589930899662
      ]
    },
    "shape": {
      "area": 249872,
      "perimeter": 1970.95,
      "eccentricity": 0.037512947727947554
    },
    "texture": {
      "contrast": {
        "Contrast": 0.13582364729458918
      },
      "correlation": {
        "Correlation": 0.9870822094704295
      }
    }
  }
},
{
  "_id": {
    "$oid": "6574a0c01fe35f4622cdbbc6"
  },
  "image": {
    "name": "dog9_resized_cropped.jpg",
    "link": "https://github.com/atts234/imagescw/blob/main/dog9_resized_cropped.jpg",
    "color": {
      "mean": [
        146.27719363052282,
        127.41993957703927,
        97.02782358606314
      ],
      "std": [
        37.37814204998215,
        36.96744361857628,
        34.96018027878076
      ],
      "skewness": [
        -0.31125811145748894,
        0.07514451174872605,
        0.6024525903450084
      ]
    },
    "shape": {
      "area": 75799,
      "perimeter": 1093.316,
      "eccentricity": 0.7220480602436087
    },
    "texture": {
      "contrast": {
        "Contrast": 0.07031890962021967
      },
      "correlation": {
        "Correlation": 0.9730589862787096
      }
    }
  }
},
{
  "_id": {
    "$oid": "6574a0c01fe35f4622cdbbd0"
  },
  "image": {
    "name": "fruit5_resized_cropped.jpg",
    "link": "https://github.com/atts234/imagescw/blob/main/fruit5_resized_cropped.jpg",
    "color": {
      "mean": [
        143.33349218388182,
        92.48091444219966,
        68.01119560767047
      ],
      "std": [
        49.68812403467709,
        58.518485822730284,
        56.3640930060886
      ],
      "skewness": [
        -0.010262630178031142,
        0.8043777519939654,
        1.7189219054392215
      ]
    },
    "shape": {
      "area": 148987,
      "perimeter": 1508.836,
      "eccentricity": 0.17495834989381423
    },
    "texture": {
      "contrast": {
        "Contrast": 0.0351336437780948
      },
      "correlation": {
        "Correlation": 0.9936837783035526
      }
    }
  }
},
{
  "_id": {
    "$oid": "6574a0c01fe35f4622cdbbd3"
  },
  "image": {
    "name": "fruit7_resized.jpg",
    "link": "https://github.com/atts234/imagescw/blob/main/fruit7_resized.jpg",
    "color": {
      "mean": [
        179.519148,
        181.374288,
        144.006256
      ],
      "std": [
        41.81627898030673,
        41.98710345047016,
        65.37308809766489
      ],
      "skewness": [
        1.0295830264479693,
        0.9364409454451377,
        0.8494112361343518
      ]
    },
    "shape": {
      "area": 250000,
      "perimeter": 1955.716,
      "eccentricity": 0
    },
    "texture": {
      "contrast": {
        "Contrast": 0.01773547094188377
      },
      "correlation": {
        "Correlation": 0.9942283274222777
      }
    }
  }
},
{
  "_id": {
    "$oid": "6574a0c01fe35f4622cdbbe3"
  },
  "image": {
    "name": "man6_resized_cropped.jpg",
    "link": "https://github.com/atts234/imagescw/blob/main/man6_resized_cropped.jpg",
    "color": {
      "mean": [
        136.436760544401,
        107.56905403584423,
        72.9075663657189
      ],
      "std": [
        45.22087749593879,
        40.69705037399662,
        36.93849794014537
      ],
      "skewness": [
        -0.19904510552877527,
        0.09131080777113575,
        0.4882710023005893
      ]
    },
    "shape": {
      "area": 148420,
      "perimeter": 1508.836,
      "eccentricity": 0.46951061133720834
    },
    "texture": {
      "contrast": {
        "Contrast": 0.048834538206877914
      },
      "correlation": {
        "Correlation": 0.9860992721286651
      }
    }
  }
}]